<?xml version="1.0" encoding="UTF-8"?>
<beans xmlns="http://www.springframework.org/schema/beans"
    xmlns:xsi="http://www.w3.org/2001/XMLSchema-instance"
    xmlns:context="http://www.springframework.org/schema/context"
    xmlns:aop="http://www.springframework.org/schema/aop"
    xsi:schemaLocation="http://www.springframework.org/schema/beans
    http://www.springframework.org/schema/beans/spring-beans-4.3.xsd
    http://www.springframework.org/schema/context  
    http://www.springframework.org/schema/context/spring-context-4.3.xsd
    http://www.springframework.org/schema/aop 
    http://www.springframework.org/schema/aop/spring-aop-4.3.xsd">

<!-- 
	1. setting for controller - whereabout
	2. view resolver
 -->

	<context:component-scan base-package="com.manipal.controller"/>
    
    <bean class="org.springframework.web.servlet.view.UrlBasedViewResolver">  
    	<property name="viewClass" value="org.springframework.web.servlet.view.JstlView" />  	
    	<property name="prefix" value="/WEB-INF/jsps/"/>
    	<property name="suffix" value=".jsp"/>
    </bean>
    
    
    <bean id="ds" class="org.springframework.jdbc.datasource.DriverManagerDataSource">
    	<property name="driverClassName" value="com.mysql.jdbc.Driver" />
    	<property name="url" value="jdbc:mysql://localhost:3306/userdb" />
    	<property name="username" value="root" />
    	<property name="password" value="root" />    	
    </bean>
    
    <bean id="jdbcTemplate" class="org.springframework.jdbc.core.JdbcTemplate">
    	<property name="dataSource" ref="ds" />
    </bean>
    
    <bean id="userDao" class="com.manipal.dao.UserDao">
    </bean>
    
    
    
    
    
    </beans>